Image,Mask
/,U,s,e,r,s,/,s,a,n,a,a,h,m,e,d,/,D,o,c,u,m,e,n,t,s,/,G,i,t,H,u,b,/,I,m,a,g,e,-,S,e,g,m,e,n,t,e,r,/,u,n,t,i,t,l,e,d,/,i,m,a,g,e,s,.,D,S,_,S,t,o,r,e
/,U,s,e,r,s,/,s,a,n,a,a,h,m,e,d,/,D,o,c,u,m,e,n,t,s,/,G,i,t,H,u,b,/,I,m,a,g,e,-,S,e,g,m,e,n,t,e,r,/,u,n,t,i,t,l,e,d,/,M,a,s,k,s,/,B,i,n,a,r,y,_,M,a,s,k,s,/,N,o,n,P,e,r,f,u,s,i,o,n,_,B,i,n,a,r,y,.,D,S,_,S,t,o,r,e
/,U,s,e,r,s,/,s,a,n,a,a,h,m,e,d,/,D,o,c,u,m,e,n,t,s,/,G,i,t,H,u,b,/,I,m,a,g,e,-,S,e,g,m,e,n,t,e,r,/,u,n,t,i,t,l,e,d,/,i,m,a,g,e,s,.,D,S,_,S,t,o,r,e
/,U,s,e,r,s,/,s,a,n,a,a,h,m,e,d,/,D,o,c,u,m,e,n,t,s,/,G,i,t,H,u,b,/,I,m,a,g,e,-,S,e,g,m,e,n,t,e,r,/,u,n,t,i,t,l,e,d,/,M,a,s,k,s,/,B,i,n,a,r,y,_,M,a,s,k,s,/,N,o,n,P,e,r,f,u,s,i,o,n,_,B,i,n,a,r,y,t,h,u,m,b,n,a,i,l,_,i,m,a,g,e, ,c,o,p,y,.,p,n,g
/,U,s,e,r,s,/,s,a,n,a,a,h,m,e,d,/,D,o,c,u,m,e,n,t,s,/,G,i,t,H,u,b,/,I,m,a,g,e,-,S,e,g,m,e,n,t,e,r,/,u,n,t,i,t,l,e,d,/,i,m,a,g,e,s,.,D,S,_,S,t,o,r,e
/,U,s,e,r,s,/,s,a,n,a,a,h,m,e,d,/,D,o,c,u,m,e,n,t,s,/,G,i,t,H,u,b,/,I,m,a,g,e,-,S,e,g,m,e,n,t,e,r,/,u,n,t,i,t,l,e,d,/,M,a,s,k,s,/,B,i,n,a,r,y,_,M,a,s,k,s,/,N,o,n,P,e,r,f,u,s,i,o,n,_,B,i,n,a,r,y,t,h,u,m,b,n,a,i,l,_,i,m,a,g,e,.,p,n,g
/,U,s,e,r,s,/,s,a,n,a,a,h,m,e,d,/,D,o,c,u,m,e,n,t,s,/,G,i,t,H,u,b,/,I,m,a,g,e,-,S,e,g,m,e,n,t,e,r,/,u,n,t,i,t,l,e,d,/,i,m,a,g,e,s,t,h,u,m,b,n,a,i,l,_,i,m,a,g,e, ,c,o,p,y,.,p,n,g
/,U,s,e,r,s,/,s,a,n,a,a,h,m,e,d,/,D,o,c,u,m,e,n,t,s,/,G,i,t,H,u,b,/,I,m,a,g,e,-,S,e,g,m,e,n,t,e,r,/,u,n,t,i,t,l,e,d,/,M,a,s,k,s,/,B,i,n,a,r,y,_,M,a,s,k,s,/,N,o,n,P,e,r,f,u,s,i,o,n,_,B,i,n,a,r,y,.,D,S,_,S,t,o,r,e
/,U,s,e,r,s,/,s,a,n,a,a,h,m,e,d,/,D,o,c,u,m,e,n,t,s,/,G,i,t,H,u,b,/,I,m,a,g,e,-,S,e,g,m,e,n,t,e,r,/,u,n,t,i,t,l,e,d,/,i,m,a,g,e,s,t,h,u,m,b,n,a,i,l,_,i,m,a,g,e, ,c,o,p,y,.,p,n,g
/,U,s,e,r,s,/,s,a,n,a,a,h,m,e,d,/,D,o,c,u,m,e,n,t,s,/,G,i,t,H,u,b,/,I,m,a,g,e,-,S,e,g,m,e,n,t,e,r,/,u,n,t,i,t,l,e,d,/,M,a,s,k,s,/,B,i,n,a,r,y,_,M,a,s,k,s,/,N,o,n,P,e,r,f,u,s,i,o,n,_,B,i,n,a,r,y,t,h,u,m,b,n,a,i,l,_,i,m,a,g,e, ,c,o,p,y,.,p,n,g
/,U,s,e,r,s,/,s,a,n,a,a,h,m,e,d,/,D,o,c,u,m,e,n,t,s,/,G,i,t,H,u,b,/,I,m,a,g,e,-,S,e,g,m,e,n,t,e,r,/,u,n,t,i,t,l,e,d,/,i,m,a,g,e,s,t,h,u,m,b,n,a,i,l,_,i,m,a,g,e, ,c,o,p,y,.,p,n,g
/,U,s,e,r,s,/,s,a,n,a,a,h,m,e,d,/,D,o,c,u,m,e,n,t,s,/,G,i,t,H,u,b,/,I,m,a,g,e,-,S,e,g,m,e,n,t,e,r,/,u,n,t,i,t,l,e,d,/,M,a,s,k,s,/,B,i,n,a,r,y,_,M,a,s,k,s,/,N,o,n,P,e,r,f,u,s,i,o,n,_,B,i,n,a,r,y,t,h,u,m,b,n,a,i,l,_,i,m,a,g,e,.,p,n,g
/,U,s,e,r,s,/,s,a,n,a,a,h,m,e,d,/,D,o,c,u,m,e,n,t,s,/,G,i,t,H,u,b,/,I,m,a,g,e,-,S,e,g,m,e,n,t,e,r,/,u,n,t,i,t,l,e,d,/,i,m,a,g,e,s,t,h,u,m,b,n,a,i,l,_,i,m,a,g,e,.,p,n,g
/,U,s,e,r,s,/,s,a,n,a,a,h,m,e,d,/,D,o,c,u,m,e,n,t,s,/,G,i,t,H,u,b,/,I,m,a,g,e,-,S,e,g,m,e,n,t,e,r,/,u,n,t,i,t,l,e,d,/,M,a,s,k,s,/,B,i,n,a,r,y,_,M,a,s,k,s,/,N,o,n,P,e,r,f,u,s,i,o,n,_,B,i,n,a,r,y,.,D,S,_,S,t,o,r,e
/,U,s,e,r,s,/,s,a,n,a,a,h,m,e,d,/,D,o,c,u,m,e,n,t,s,/,G,i,t,H,u,b,/,I,m,a,g,e,-,S,e,g,m,e,n,t,e,r,/,u,n,t,i,t,l,e,d,/,i,m,a,g,e,s,t,h,u,m,b,n,a,i,l,_,i,m,a,g,e,.,p,n,g
/,U,s,e,r,s,/,s,a,n,a,a,h,m,e,d,/,D,o,c,u,m,e,n,t,s,/,G,i,t,H,u,b,/,I,m,a,g,e,-,S,e,g,m,e,n,t,e,r,/,u,n,t,i,t,l,e,d,/,M,a,s,k,s,/,B,i,n,a,r,y,_,M,a,s,k,s,/,N,o,n,P,e,r,f,u,s,i,o,n,_,B,i,n,a,r,y,t,h,u,m,b,n,a,i,l,_,i,m,a,g,e, ,c,o,p,y,.,p,n,g
/,U,s,e,r,s,/,s,a,n,a,a,h,m,e,d,/,D,o,c,u,m,e,n,t,s,/,G,i,t,H,u,b,/,I,m,a,g,e,-,S,e,g,m,e,n,t,e,r,/,u,n,t,i,t,l,e,d,/,i,m,a,g,e,s,t,h,u,m,b,n,a,i,l,_,i,m,a,g,e,.,p,n,g
/,U,s,e,r,s,/,s,a,n,a,a,h,m,e,d,/,D,o,c,u,m,e,n,t,s,/,G,i,t,H,u,b,/,I,m,a,g,e,-,S,e,g,m,e,n,t,e,r,/,u,n,t,i,t,l,e,d,/,M,a,s,k,s,/,B,i,n,a,r,y,_,M,a,s,k,s,/,N,o,n,P,e,r,f,u,s,i,o,n,_,B,i,n,a,r,y,t,h,u,m,b,n,a,i,l,_,i,m,a,g,e,.,p,n,g
